{
  "ore:sand": {
    "fluid": "lava",
    "amount": 100
  },
  "ore:dropHoney": {
    "fluid": "for.honey",
    "amount": 10
  },
  "ore:stone": {
    "fluid": "lava",
    "amount": 250
  },
  "exnihilocreatio:block_dust:0": {
    "fluid": "lava",
    "amount": 50
  },
  "ore:netherrack": {
    "fluid": "lava",
    "amount": 1000
  },
  "ore:gravel": {
    "fluid": "lava",
    "amount": 200
  },
  "ore:obsidian": {
    "fluid": "lava",
    "amount": 1000
  },
  "ore:cobblestone": {
    "fluid": "lava",
    "amount": 250
  }
}