{
  "minecraft:snow:0": [
    {
      "drop": {
        "name": "forestry:bee_drone_ge",
        "meta": 0,
        "nbt": "{MaxH:30,Health:30,IsAnalyzed:0b,Genome:{Chromosomes:[{UID1:\"forestry.speciesWintry\",UID0:\"forestry.speciesWintry\",Slot:0b},{UID1:\"forestry.speedSlower\",UID0:\"forestry.speedSlower\",Slot:1b},{UID1:\"forestry.lifespanShort\",UID0:\"forestry.lifespanShort\",Slot:2b},{UID1:\"forestry.fertilityMaximum\",UID0:\"forestry.fertilityMaximum\",Slot:3b},{UID1:\"forestry.toleranceUp1\",UID0:\"forestry.toleranceUp1\",Slot:4b},{UID1:\"forestry.boolFalse\",UID0:\"forestry.boolFalse\",Slot:5b},{UID1:\"forestry.toleranceBoth1\",UID0:\"forestry.toleranceBoth1\",Slot:6b},{UID1:\"forestry.boolFalse\",UID0:\"forestry.boolFalse\",Slot:7b},{UID1:\"forestry.boolFalse\",UID0:\"forestry.boolFalse\",Slot:8b},{UID1:\"forestry.flowersSnow\",UID0:\"forestry.flowersSnow\",Slot:9b},{UID1:\"forestry.floweringSlowest\",UID0:\"forestry.floweringSlowest\",Slot:10b},{UID1:\"forestry.territoryAverage\",UID0:\"forestry.territoryAverage\",Slot:11b},{UID1:\"forestry.effectGlacial\",UID0:\"forestry.effectGlacial\",Slot:12b}]}}"
      },
      "chance": 0.05,
      "meshLevel": 2
    },
    {
      "drop": {
        "name": "forestry:bee_princess_ge",
        "meta": 0,
        "nbt": "{MaxH:30,NA:0b,Health:30,IsAnalyzed:0b,Genome:{Chromosomes:[{UID1:\"forestry.speciesWintry\",UID0:\"forestry.speciesWintry\",Slot:0b},{UID1:\"forestry.speedSlower\",UID0:\"forestry.speedSlower\",Slot:1b},{UID1:\"forestry.lifespanShort\",UID0:\"forestry.lifespanShort\",Slot:2b},{UID1:\"forestry.fertilityMaximum\",UID0:\"forestry.fertilityMaximum\",Slot:3b},{UID1:\"forestry.toleranceUp1\",UID0:\"forestry.toleranceUp1\",Slot:4b},{UID1:\"forestry.boolFalse\",UID0:\"forestry.boolFalse\",Slot:5b},{UID1:\"forestry.toleranceBoth1\",UID0:\"forestry.toleranceBoth1\",Slot:6b},{UID1:\"forestry.boolFalse\",UID0:\"forestry.boolFalse\",Slot:7b},{UID1:\"forestry.boolFalse\",UID0:\"forestry.boolFalse\",Slot:8b},{UID1:\"forestry.flowersSnow\",UID0:\"forestry.flowersSnow\",Slot:9b},{UID1:\"forestry.floweringSlowest\",UID0:\"forestry.floweringSlowest\",Slot:10b},{UID1:\"forestry.territoryAverage\",UID0:\"forestry.territoryAverage\",Slot:11b},{UID1:\"forestry.effectGlacial\",UID0:\"forestry.effectGlacial\",Slot:12b}]}}"
      },
      "chance": 0.05,
      "meshLevel": 3
    },
    {
      "drop": {
        "name": "forestry:bee_princess_ge",
        "meta": 0,
        "nbt": "{MaxH:30,Health:30,IsAnalyzed:0b,Genome:{Chromosomes:[{UID1:\"forestry.speciesWintry\",UID0:\"forestry.speciesWintry\",Slot:0b},{UID1:\"forestry.speedSlower\",UID0:\"forestry.speedSlower\",Slot:1b},{UID1:\"forestry.lifespanShort\",UID0:\"forestry.lifespanShort\",Slot:2b},{UID1:\"forestry.fertilityMaximum\",UID0:\"forestry.fertilityMaximum\",Slot:3b},{UID1:\"forestry.toleranceUp1\",UID0:\"forestry.toleranceUp1\",Slot:4b},{UID1:\"forestry.boolFalse\",UID0:\"forestry.boolFalse\",Slot:5b},{UID1:\"forestry.toleranceBoth1\",UID0:\"forestry.toleranceBoth1\",Slot:6b},{UID1:\"forestry.boolFalse\",UID0:\"forestry.boolFalse\",Slot:7b},{UID1:\"forestry.boolFalse\",UID0:\"forestry.boolFalse\",Slot:8b},{UID1:\"forestry.flowersSnow\",UID0:\"forestry.flowersSnow\",Slot:9b},{UID1:\"forestry.floweringSlowest\",UID0:\"forestry.floweringSlowest\",Slot:10b},{UID1:\"forestry.territoryAverage\",UID0:\"forestry.territoryAverage\",Slot:11b},{UID1:\"forestry.effectGlacial\",UID0:\"forestry.effectGlacial\",Slot:12b}]}}"
      },
      "chance": 0.01,
      "meshLevel": 4
    }
  ],
  "minecraft:leaves:3": [
    {
      "drop": "minecraft:sapling:3",
      "chance": 0.2,
      "meshLevel": 1
    },
     {
      "drop": "actuallyadditions:item_rice_seed:0",
      "chance": 0.8,
      "meshLevel": 1
    },
    {
      "drop": "minecraft:sapling:3",
      "chance": 0.4,
      "meshLevel": 2
    },
    {
      "drop": "minecraft:sapling:3",
      "chance": 0.6,
      "meshLevel": 3
    },
    {
      "drop": "minecraft:sapling:3",
      "chance": 0.8,
      "meshLevel": 4
    },
    {
      "drop": "minecraft:apple:-1",
      "chance": 0.05,
      "meshLevel": 1
    },
    {
      "drop": "minecraft:apple:-1",
      "chance": 0.1,
      "meshLevel": 2
    },
    {
      "drop": "minecraft:apple:-1",
      "chance": 0.15,
      "meshLevel": 3
    },
    {
      "drop": "minecraft:apple:-1",
      "chance": 0.2,
      "meshLevel": 4
    },
    {
      "drop": "minecraft:golden_apple:0",
      "chance": 0.001,
      "meshLevel": 1
    },
    {
      "drop": "minecraft:golden_apple:0",
      "chance": 0.003,
      "meshLevel": 2
    },
    {
      "drop": "minecraft:golden_apple:0",
      "chance": 0.005,
      "meshLevel": 3
    },
    {
      "drop": "minecraft:golden_apple:0",
      "chance": 0.01,
      "meshLevel": 4
    },
    {
      "drop": "exnihilocreatio:item_material:2",
      "chance": 0.025,
      "meshLevel": 1
    },
    {
      "drop": "exnihilocreatio:item_material:2",
      "chance": 0.05,
      "meshLevel": 2
    },
    {
      "drop": "exnihilocreatio:item_material:2",
      "chance": 0.1,
      "meshLevel": 3
    },
    {
      "drop": "exnihilocreatio:item_material:2",
      "chance": 0.2,
      "meshLevel": 4
    },
    {
      "drop": {
        "name": "forestry:bee_drone_ge",
        "meta": 0,
        "nbt": "{MaxH:30,Health:30,IsAnalyzed:0b,Genome:{Chromosomes:[{UID1:\"forestry.speciesTropical\",UID0:\"forestry.speciesTropical\",Slot:0b},{UID1:\"forestry.speedSlower\",UID0:\"forestry.speedSlower\",Slot:1b},{UID1:\"forestry.lifespanShort\",UID0:\"forestry.lifespanShort\",Slot:2b},{UID1:\"forestry.fertilityNormal\",UID0:\"forestry.fertilityNormal\",Slot:3b},{UID1:\"forestry.toleranceUp1\",UID0:\"forestry.toleranceUp1\",Slot:4b},{UID1:\"forestry.boolFalse\",UID0:\"forestry.boolFalse\",Slot:5b},{UID1:\"forestry.toleranceUp1\",UID0:\"forestry.toleranceUp1\",Slot:6b},{UID1:\"forestry.boolFalse\",UID0:\"forestry.boolFalse\",Slot:7b},{UID1:\"forestry.boolFalse\",UID0:\"forestry.boolFalse\",Slot:8b},{UID1:\"forestry.flowersJungle\",UID0:\"forestry.flowersJungle\",Slot:9b},{UID1:\"forestry.floweringSlowest\",UID0:\"forestry.floweringSlowest\",Slot:10b},{UID1:\"forestry.territoryAverage\",UID0:\"forestry.territoryAverage\",Slot:11b},{UID1:\"forestry.effectMiasmic\",UID0:\"forestry.effectMiasmic\",Slot:12b}]}}"
      },
      "chance": 0.05,
      "meshLevel": 2
    },
    {
      "drop": {
        "name": "forestry:bee_princess_ge",
        "meta": 0,
        "nbt": "{MaxH:30,NA:0b,Health:30,IsAnalyzed:0b,Genome:{Chromosomes:[{UID1:\"forestry.speciesTropical\",UID0:\"forestry.speciesTropical\",Slot:0b},{UID1:\"forestry.speedSlower\",UID0:\"forestry.speedSlower\",Slot:1b},{UID1:\"forestry.lifespanShort\",UID0:\"forestry.lifespanShort\",Slot:2b},{UID1:\"forestry.fertilityNormal\",UID0:\"forestry.fertilityNormal\",Slot:3b},{UID1:\"forestry.toleranceUp1\",UID0:\"forestry.toleranceUp1\",Slot:4b},{UID1:\"forestry.boolFalse\",UID0:\"forestry.boolFalse\",Slot:5b},{UID1:\"forestry.toleranceUp1\",UID0:\"forestry.toleranceUp1\",Slot:6b},{UID1:\"forestry.boolFalse\",UID0:\"forestry.boolFalse\",Slot:7b},{UID1:\"forestry.boolFalse\",UID0:\"forestry.boolFalse\",Slot:8b},{UID1:\"forestry.flowersJungle\",UID0:\"forestry.flowersJungle\",Slot:9b},{UID1:\"forestry.floweringSlowest\",UID0:\"forestry.floweringSlowest\",Slot:10b},{UID1:\"forestry.territoryAverage\",UID0:\"forestry.territoryAverage\",Slot:11b},{UID1:\"forestry.effectMiasmic\",UID0:\"forestry.effectMiasmic\",Slot:12b}]}}"
      },
      "chance": 0.05,
      "meshLevel": 3
    },
    {
      "drop": {
        "name": "forestry:bee_princess_ge",
        "meta": 0,
        "nbt": "{MaxH:30,Health:30,IsAnalyzed:0b,Genome:{Chromosomes:[{UID1:\"forestry.speciesTropical\",UID0:\"forestry.speciesTropical\",Slot:0b},{UID1:\"forestry.speedSlower\",UID0:\"forestry.speedSlower\",Slot:1b},{UID1:\"forestry.lifespanShort\",UID0:\"forestry.lifespanShort\",Slot:2b},{UID1:\"forestry.fertilityNormal\",UID0:\"forestry.fertilityNormal\",Slot:3b},{UID1:\"forestry.toleranceUp1\",UID0:\"forestry.toleranceUp1\",Slot:4b},{UID1:\"forestry.boolFalse\",UID0:\"forestry.boolFalse\",Slot:5b},{UID1:\"forestry.toleranceUp1\",UID0:\"forestry.toleranceUp1\",Slot:6b},{UID1:\"forestry.boolFalse\",UID0:\"forestry.boolFalse\",Slot:7b},{UID1:\"forestry.boolFalse\",UID0:\"forestry.boolFalse\",Slot:8b},{UID1:\"forestry.flowersJungle\",UID0:\"forestry.flowersJungle\",Slot:9b},{UID1:\"forestry.floweringSlowest\",UID0:\"forestry.floweringSlowest\",Slot:10b},{UID1:\"forestry.territoryAverage\",UID0:\"forestry.territoryAverage\",Slot:11b},{UID1:\"forestry.effectMiasmic\",UID0:\"forestry.effectMiasmic\",Slot:12b}]}}"
      },
      "chance": 0.01,
      "meshLevel": 4
    }
  ],
  "ore:gravel": [
    {
      "drop": "minecraft:flint:-1",
      "chance": 0.25,
      "meshLevel": 2
    },
    {
      "drop": "minecraft:coal:0",
      "chance": 0.125,
      "meshLevel": 2
    },
    {
      "drop": "minecraft:dye:4",
      "chance": 0.05,
      "meshLevel": 2
    },
    {
      "drop": "minecraft:diamond:-1",
      "chance": 0.008,
      "meshLevel": 3
    },
    {
      "drop": "minecraft:emerald:-1",
      "chance": 0.008,
      "meshLevel": 3
    },
    {
      "drop": "silentgems:gemshard:0",
      "chance": 0.01,
      "meshLevel": 4
    },
    {
      "drop": "silentgems:gemshard:1",
      "chance": 0.01,
      "meshLevel": 4
    },
    {
      "drop": "silentgems:gemshard:2",
      "chance": 0.01,
      "meshLevel": 4
    },
    {
      "drop": "silentgems:gemshard:3",
      "chance": 0.01,
      "meshLevel": 4
    },
    {
      "drop": "silentgems:gemshard:4",
      "chance": 0.01,
      "meshLevel": 4
    },
    {
      "drop": "silentgems:gemshard:5",
      "chance": 0.01,
      "meshLevel": 4
    },
    {
      "drop": "silentgems:gemshard:6",
      "chance": 0.01,
      "meshLevel": 4
    },
    {
      "drop": "silentgems:gemshard:7",
      "chance": 0.01,
      "meshLevel": 4
    },
    {
      "drop": "silentgems:gemshard:8",
      "chance": 0.01,
      "meshLevel": 4
    },
    {
      "drop": "silentgems:gemshard:9",
      "chance": 0.01,
      "meshLevel": 4
    },
    {
      "drop": "silentgems:gemshard:10",
      "chance": 0.01,
      "meshLevel": 4
    },
    {
      "drop": "silentgems:gemshard:11",
      "chance": 0.01,
      "meshLevel": 4
    },
    {
      "drop": "silentgems:gemshard:12",
      "chance": 0.01,
      "meshLevel": 4
    },
    {
      "drop": "silentgems:gemshard:13",
      "chance": 0.01,
      "meshLevel": 4
    },
    {
      "drop": "silentgems:gemshard:14",
      "chance": 0.01,
      "meshLevel": 4
    },
    {
      "drop": "silentgems:gemshard:15",
      "chance": 0.01,
      "meshLevel": 4
    },
    {
      "drop": "minecraft:diamond:-1",
      "chance": 0.016,
      "meshLevel": 4
    },
    {
      "drop": "minecraft:emerald:-1",
      "chance": 0.016,
      "meshLevel": 4
    },
    {
      "drop": "exnihilocreatio:item_ore_gold:0",
      "chance": 0.05,
      "meshLevel": 2
    },
    {
      "drop": "exnihilocreatio:item_ore_gold:0",
      "chance": 0.075,
      "meshLevel": 3
    },
    {
      "drop": "exnihilocreatio:item_ore_gold:0",
      "chance": 0.15,
      "meshLevel": 4
    },
    {
      "drop": "exnihilocreatio:item_ore_iron:0",
      "chance": 0.2,
      "meshLevel": 2
    },
    {
      "drop": "exnihilocreatio:item_ore_iron:0",
      "chance": 0.25,
      "meshLevel": 3
    },
    {
      "drop": "exnihilocreatio:item_ore_iron:0",
      "chance": 0.30,
      "meshLevel": 4
    },
    {
      "drop": "exnihilocreatio:item_ore_copper:0",
      "chance": 0.05,
      "meshLevel": 2
    },
    {
      "drop": "exnihilocreatio:item_ore_copper:0",
      "chance": 0.075,
      "meshLevel": 3
    },
    {
      "drop": "exnihilocreatio:item_ore_copper:0",
      "chance": 0.15,
      "meshLevel": 4
    },
    {
      "drop": "exnihilocreatio:item_ore_tin:0",
      "chance": 0.05,
      "meshLevel": 2
    },
    {
      "drop": "exnihilocreatio:item_ore_tin:0",
      "chance": 0.075,
      "meshLevel": 3
    },
    {
      "drop": "exnihilocreatio:item_ore_tin:0",
      "chance": 0.15,
      "meshLevel": 4
    },
    {
      "drop": "exnihilocreatio:item_ore_aluminium:0",
      "chance": 0.05,
      "meshLevel": 2
    },
    {
      "drop": "exnihilocreatio:item_ore_aluminium:0",
      "chance": 0.075,
      "meshLevel": 3
    },
    {
      "drop": "exnihilocreatio:item_ore_aluminium:0",
      "chance": 0.15,
      "meshLevel": 4
    },
    {
      "drop": "exnihilocreatio:item_ore_lead:0",
      "chance": 0.05,
      "meshLevel": 2
    },
    {
      "drop": "exnihilocreatio:item_ore_lead:0",
      "chance": 0.075,
      "meshLevel": 3
    },
    {
      "drop": "exnihilocreatio:item_ore_lead:0",
      "chance": 0.15,
      "meshLevel": 4
    },
    {
      "drop": "exnihilocreatio:item_ore_silver:0",
      "chance": 0.05,
      "meshLevel": 2
    },
    {
      "drop": "exnihilocreatio:item_ore_silver:0",
      "chance": 0.075,
      "meshLevel": 3
    },
    {
      "drop": "exnihilocreatio:item_ore_silver:0",
      "chance": 0.15,
      "meshLevel": 4
    },
    {
      "drop": "exnihilocreatio:item_ore_nickel:0",
      "chance": 0.05,
      "meshLevel": 2
    },
    {
      "drop": "exnihilocreatio:item_ore_nickel:0",
      "chance": 0.075,
      "meshLevel": 3
    },
    {
      "drop": "exnihilocreatio:item_ore_nickel:0",
      "chance": 0.15,
      "meshLevel": 4
    },
    {
      "drop": "exnihilocreatio:item_ore_uranium:0",
      "chance": 0.008,
      "meshLevel": 2
    },
    {
      "drop": "exnihilocreatio:item_ore_uranium:0",
      "chance": 0.009,
      "meshLevel": 3
    },
    {
      "drop": "exnihilocreatio:item_ore_uranium:0",
      "chance": 0.01,
      "meshLevel": 4
    },
    {
      "drop": "exnihilocreatio:item_ore_aluminum:0",
      "chance": 0.05,
      "meshLevel": 2
    },
    {
      "drop": "exnihilocreatio:item_ore_aluminum:0",
      "chance": 0.075,
      "meshLevel": 3
    },
    {
      "drop": "exnihilocreatio:item_ore_aluminum:0",
      "chance": 0.15,
      "meshLevel": 4
    },
    {
      "drop": "exnihilocreatio:item_ore_osmium:0",
      "chance": 0.05,
      "meshLevel": 3
    },
    {
      "drop": "exnihilocreatio:item_ore_osmium:0",
      "chance": 0.1,
      "meshLevel": 4
    },
    {
      "drop": "exnihilocreatio:item_ore_platinum:0",
      "chance": 0.02,
      "meshLevel": 2
    },
    {
      "drop": "exnihilocreatio:item_ore_platinum:0",
      "chance": 0.04,
      "meshLevel": 3
    },
    {
      "drop": "exnihilocreatio:item_ore_platinum:0",
      "chance": 0.12,
      "meshLevel": 4
    }
  ],
  "minecraft:leaves:1": [
    {
      "drop": "minecraft:sapling:1",
      "chance": 0.2,
      "meshLevel": 1
    },
    {
      "drop": "minecraft:sapling:1",
      "chance": 0.4,
      "meshLevel": 2
    },
    {
      "drop": "minecraft:sapling:1",
      "chance": 0.6,
      "meshLevel": 3
    },
    {
      "drop": "minecraft:sapling:1",
      "chance": 0.8,
      "meshLevel": 4
    },
    {
      "drop": "minecraft:apple:-1",
      "chance": 0.05,
      "meshLevel": 1
    },
    {
      "drop": "minecraft:apple:-1",
      "chance": 0.1,
      "meshLevel": 2
    },
    {
      "drop": "minecraft:apple:-1",
      "chance": 0.15,
      "meshLevel": 3
    },
    {
      "drop": "minecraft:apple:-1",
      "chance": 0.2,
      "meshLevel": 4
    },
    {
      "drop": "minecraft:golden_apple:0",
      "chance": 0.001,
      "meshLevel": 1
    },
    {
      "drop": "minecraft:golden_apple:0",
      "chance": 0.003,
      "meshLevel": 2
    },
    {
      "drop": "minecraft:golden_apple:0",
      "chance": 0.005,
      "meshLevel": 3
    },
    {
      "drop": "minecraft:golden_apple:0",
      "chance": 0.01,
      "meshLevel": 4
    },
    {
      "drop": "exnihilocreatio:item_material:2",
      "chance": 0.025,
      "meshLevel": 1
    },
    {
      "drop": "exnihilocreatio:item_material:2",
      "chance": 0.05,
      "meshLevel": 2
    },
    {
      "drop": "exnihilocreatio:item_material:2",
      "chance": 0.1,
      "meshLevel": 3
    },
    {
      "drop": "exnihilocreatio:item_material:2",
      "chance": 0.2,
      "meshLevel": 4
    }
  ],
  "exnihilocreatio:block_skystone_crushed:0": [
    {
      "drop": "appliedenergistics2:material:0",
      "chance": 0.01,
      "meshLevel": 3
    },
    {
      "drop": "appliedenergistics2:material:0",
      "chance": 0.02,
      "meshLevel": 4
    },
    {
      "drop": "appliedenergistics2:crystal_seed:0",
      "chance": 0.01,
      "meshLevel": 1
    },
    {
      "drop": "appliedenergistics2:crystal_seed:0",
      "chance": 0.01,
      "meshLevel": 2
    },
    {
      "drop": "appliedenergistics2:crystal_seed:0",
      "chance": 0.02,
      "meshLevel": 3
    },
    {
      "drop": "appliedenergistics2:crystal_seed:0",
      "chance": 0.02,
      "meshLevel": 4
    },
    {
      "drop": "appliedenergistics2:material:1",
      "chance": 0.001,
      "meshLevel": 4
    }
  ],
  "exnihilocreatio:block_netherrack_crushed:0": [
    {
      "drop": "exnihilocreatio:item_ore_gold:0",
      "chance": 0.25,
      "meshLevel": 2
    },
    {
      "drop": "exnihilocreatio:item_ore_gold:0",
      "chance": 0.25,
      "meshLevel": 3
    },
    {
      "drop": "exnihilocreatio:item_ore_gold:0",
      "chance": 0.4,
      "meshLevel": 4
    },
    {
      "drop": "silentgems:gemshard:16",
      "chance": 0.01,
      "meshLevel": 4
    },
    {
      "drop": "silentgems:gemshard:17",
      "chance": 0.01,
      "meshLevel": 4
    },
    {
      "drop": "silentgems:gemshard:18",
      "chance": 0.01,
      "meshLevel": 4
    },
    {
      "drop": "silentgems:gemshard:19",
      "chance": 0.01,
      "meshLevel": 4
    },
    {
      "drop": "silentgems:gemshard:20",
      "chance": 0.01,
      "meshLevel": 4
    },
    {
      "drop": "silentgems:gemshard:21",
      "chance": 0.01,
      "meshLevel": 4
    },
    {
      "drop": "silentgems:gemshard:22",
      "chance": 0.01,
      "meshLevel": 4
    },
    {
      "drop": "silentgems:gemshard:23",
      "chance": 0.01,
      "meshLevel": 4
    },
    {
      "drop": "silentgems:gemshard:24",
      "chance": 0.01,
      "meshLevel": 4
    },
    {
      "drop": "silentgems:gemshard:25",
      "chance": 0.01,
      "meshLevel": 4
    },
    {
      "drop": "silentgems:gemshard:26",
      "chance": 0.01,
      "meshLevel": 4
    },
    {
      "drop": "silentgems:gemshard:27",
      "chance": 0.01,
      "meshLevel": 4
    },
    {
      "drop": "silentgems:gemshard:28",
      "chance": 0.01,
      "meshLevel": 4
    },
    {
      "drop": "silentgems:gemshard:29",
      "chance": 0.01,
      "meshLevel": 4
    },
    {
      "drop": "silentgems:gemshard:30",
      "chance": 0.01,
      "meshLevel": 4
    },
    {
      "drop": "silentgems:gemshard:31",
      "chance": 0.01,
      "meshLevel": 4
    },
    {
      "drop": "exnihilocreatio:item_ore_ardite:0",
      "chance": 0.1,
      "meshLevel": 2
    },
    {
      "drop": "exnihilocreatio:item_ore_ardite:0",
      "chance": 0.2,
      "meshLevel": 3
    },
    {
      "drop": "exnihilocreatio:item_ore_ardite:0",
      "chance": 0.3,
      "meshLevel": 4
    },
    {
      "drop": "exnihilocreatio:item_ore_cobalt:0",
      "chance": 0.1,
      "meshLevel": 2
    },
    {
      "drop": "exnihilocreatio:item_ore_cobalt:0",
      "chance": 0.2,
      "meshLevel": 3
    },
    {
      "drop": "exnihilocreatio:item_ore_cobalt:0",
      "chance": 0.3,
      "meshLevel": 4
    },
    {
      "drop": "minecraft:blaze_powder:-1",
      "chance": 0.05,
      "meshLevel": 3
    },
    {
      "drop": "draconicevolution:draconium_dust:-1",
      "chance": 0.02,
      "meshLevel": 3
    },
    {
      "drop": "draconicevolution:draconium_dust:-1",
      "chance": 0.03,
      "meshLevel": 4
    }
  ],
  "minecraft:leaves2:0": [
    {
      "drop": "minecraft:sapling:4",
      "chance": 0.2,
      "meshLevel": 1
    },
    {
      "drop": "minecraft:sapling:4",
      "chance": 0.4,
      "meshLevel": 2
    },
    {
      "drop": "minecraft:sapling:4",
      "chance": 0.6,
      "meshLevel": 3
    },
    {
      "drop": "minecraft:sapling:4",
      "chance": 0.8,
      "meshLevel": 4
    },
     {
      "drop": "tconstruct:slime_sapling:0",
      "chance": 0.8,
      "meshLevel": 4
    },
    {
      "drop": "minecraft:apple:-1",
      "chance": 0.05,
      "meshLevel": 1
    },
    {
      "drop": "minecraft:apple:-1",
      "chance": 0.1,
      "meshLevel": 2
    },
    {
      "drop": "minecraft:apple:-1",
      "chance": 0.15,
      "meshLevel": 3
    },
    {
      "drop": "minecraft:apple:-1",
      "chance": 0.2,
      "meshLevel": 4
    },
    {
      "drop": "minecraft:golden_apple:0",
      "chance": 0.001,
      "meshLevel": 1
    },
    {
      "drop": "minecraft:golden_apple:0",
      "chance": 0.003,
      "meshLevel": 2
    },
    {
      "drop": "minecraft:golden_apple:0",
      "chance": 0.005,
      "meshLevel": 3
    },
    {
      "drop": "minecraft:golden_apple:0",
      "chance": 0.01,
      "meshLevel": 4
    },
    {
      "drop": "exnihilocreatio:item_material:2",
      "chance": 0.025,
      "meshLevel": 1
    },
    {
      "drop": "exnihilocreatio:item_material:2",
      "chance": 0.05,
      "meshLevel": 2
    },
    {
      "drop": "exnihilocreatio:item_material:2",
      "chance": 0.1,
      "meshLevel": 3
    },
    {
      "drop": "exnihilocreatio:item_material:2",
      "chance": 0.2,
      "meshLevel": 4
    }
  ],
  "ore:treeLeaves": [
    {
      "drop": {
        "name": "forestry:bee_drone_ge",
        "meta": 0,
        "nbt": "{MaxH:20,Health:20,IsAnalyzed:0b,Genome:{Chromosomes:[{UID1:\"forestry.speciesForest\",UID0:\"forestry.speciesForest\",Slot:0b},{UID1:\"forestry.speedSlowest\",UID0:\"forestry.speedSlowest\",Slot:1b},{UID1:\"forestry.lifespanShorter\",UID0:\"forestry.lifespanShorter\",Slot:2b},{UID1:\"forestry.fertilityHigh\",UID0:\"forestry.fertilityHigh\",Slot:3b},{UID1:\"forestry.toleranceNone\",UID0:\"forestry.toleranceNone\",Slot:4b},{UID1:\"forestry.boolFalse\",UID0:\"forestry.boolFalse\",Slot:5b},{UID1:\"forestry.toleranceNone\",UID0:\"forestry.toleranceNone\",Slot:6b},{UID1:\"forestry.boolFalse\",UID0:\"forestry.boolFalse\",Slot:7b},{UID1:\"forestry.boolFalse\",UID0:\"forestry.boolFalse\",Slot:8b},{UID1:\"forestry.flowersVanilla\",UID0:\"forestry.flowersVanilla\",Slot:9b},{UID1:\"forestry.floweringSlower\",UID0:\"forestry.floweringSlower\",Slot:10b},{UID1:\"forestry.territoryAverage\",UID0:\"forestry.territoryAverage\",Slot:11b},{UID1:\"forestry.effectNone\",UID0:\"forestry.effectNone\",Slot:12b}]}}"
      },
      "chance": 0.05,
      "meshLevel": 2
    },
    {
      "drop": {
        "name": "forestry:bee_princess_ge",
        "meta": 0,
        "nbt": "{MaxH:20,NA:0b,Health:20,IsAnalyzed:0b,Genome:{Chromosomes:[{UID1:\"forestry.speciesForest\",UID0:\"forestry.speciesForest\",Slot:0b},{UID1:\"forestry.speedSlowest\",UID0:\"forestry.speedSlowest\",Slot:1b},{UID1:\"forestry.lifespanShorter\",UID0:\"forestry.lifespanShorter\",Slot:2b},{UID1:\"forestry.fertilityHigh\",UID0:\"forestry.fertilityHigh\",Slot:3b},{UID1:\"forestry.toleranceNone\",UID0:\"forestry.toleranceNone\",Slot:4b},{UID1:\"forestry.boolFalse\",UID0:\"forestry.boolFalse\",Slot:5b},{UID1:\"forestry.toleranceNone\",UID0:\"forestry.toleranceNone\",Slot:6b},{UID1:\"forestry.boolFalse\",UID0:\"forestry.boolFalse\",Slot:7b},{UID1:\"forestry.boolFalse\",UID0:\"forestry.boolFalse\",Slot:8b},{UID1:\"forestry.flowersVanilla\",UID0:\"forestry.flowersVanilla\",Slot:9b},{UID1:\"forestry.floweringSlower\",UID0:\"forestry.floweringSlower\",Slot:10b},{UID1:\"forestry.territoryAverage\",UID0:\"forestry.territoryAverage\",Slot:11b},{UID1:\"forestry.effectNone\",UID0:\"forestry.effectNone\",Slot:12b}]}}"
      },
      "chance": 0.05,
      "meshLevel": 3
    },
    {
      "drop": {
        "name": "forestry:bee_princess_ge",
        "meta": 0,
        "nbt": "{MaxH:20,Health:20,IsAnalyzed:0b,Genome:{Chromosomes:[{UID1:\"forestry.speciesForest\",UID0:\"forestry.speciesForest\",Slot:0b},{UID1:\"forestry.speedSlowest\",UID0:\"forestry.speedSlowest\",Slot:1b},{UID1:\"forestry.lifespanShorter\",UID0:\"forestry.lifespanShorter\",Slot:2b},{UID1:\"forestry.fertilityHigh\",UID0:\"forestry.fertilityHigh\",Slot:3b},{UID1:\"forestry.toleranceNone\",UID0:\"forestry.toleranceNone\",Slot:4b},{UID1:\"forestry.boolFalse\",UID0:\"forestry.boolFalse\",Slot:5b},{UID1:\"forestry.toleranceNone\",UID0:\"forestry.toleranceNone\",Slot:6b},{UID1:\"forestry.boolFalse\",UID0:\"forestry.boolFalse\",Slot:7b},{UID1:\"forestry.boolFalse\",UID0:\"forestry.boolFalse\",Slot:8b},{UID1:\"forestry.flowersVanilla\",UID0:\"forestry.flowersVanilla\",Slot:9b},{UID1:\"forestry.floweringSlower\",UID0:\"forestry.floweringSlower\",Slot:10b},{UID1:\"forestry.territoryAverage\",UID0:\"forestry.territoryAverage\",Slot:11b},{UID1:\"forestry.effectNone\",UID0:\"forestry.effectNone\",Slot:12b}]}}"
      },
      "chance": 0.01,
      "meshLevel": 4
    }
  ],
  "minecraft:soul_sand:0": [
    {
      "drop": "minecraft:quartz:-1",
      "chance": 1.0,
      "meshLevel": 2
    },
    {
      "drop": "minecraft:quartz:-1",
      "chance": 0.33,
      "meshLevel": 2
    },
    {
      "drop": "minecraft:nether_wart:-1",
      "chance": 0.1,
      "meshLevel": 1
    },
    {
      "drop": "minecraft:ghast_tear:-1",
      "chance": 0.02,
      "meshLevel": 4
    },
    {
      "drop": "minecraft:quartz:-1",
      "chance": 1.0,
      "meshLevel": 4
    },
    {
      "drop": "minecraft:quartz:-1",
      "chance": 0.8,
      "meshLevel": 4
    }
  ],
  "minecraft:leaves:0": [
    {
      "drop": "minecraft:sapling:0",
      "chance": 0.2,
      "meshLevel": 1
    },
    {
      "drop": "minecraft:sapling:0",
      "chance": 0.4,
      "meshLevel": 2
    },
    {
      "drop": "minecraft:sapling:0",
      "chance": 0.6,
      "meshLevel": 3
    },
    {
      "drop": "minecraft:sapling:0",
      "chance": 0.8,
      "meshLevel": 4
    },
    {
      "drop": "minecraft:apple:-1",
      "chance": 0.05,
      "meshLevel": 1
    },
    {
      "drop": "minecraft:apple:-1",
      "chance": 0.1,
      "meshLevel": 2
    },
    {
      "drop": "minecraft:apple:-1",
      "chance": 0.15,
      "meshLevel": 3
    },
    {
      "drop": "minecraft:apple:-1",
      "chance": 0.2,
      "meshLevel": 4
    },
    {
      "drop": "minecraft:golden_apple:0",
      "chance": 0.001,
      "meshLevel": 1
    },
    {
      "drop": "minecraft:golden_apple:0",
      "chance": 0.003,
      "meshLevel": 2
    },
    {
      "drop": "minecraft:golden_apple:0",
      "chance": 0.005,
      "meshLevel": 3
    },
    {
      "drop": "minecraft:golden_apple:0",
      "chance": 0.01,
      "meshLevel": 4
    },
    {
      "drop": "exnihilocreatio:item_material:2",
      "chance": 0.025,
      "meshLevel": 1
    },
    {
      "drop": "exnihilocreatio:item_material:2",
      "chance": 0.05,
      "meshLevel": 2
    },
    {
      "drop": "exnihilocreatio:item_material:2",
      "chance": 0.1,
      "meshLevel": 3
    },
    {
      "drop": "exnihilocreatio:item_material:2",
      "chance": 0.2,
      "meshLevel": 4
    }
  ],
  "minecraft:dirt:1": [
    {
      "drop": "integrateddynamics:menril_sapling:-1",
      "chance": 0.1,
      "meshLevel": 4
    }
  ],
  "minecraft:leaves:2": [
    {
      "drop": "minecraft:sapling:2",
      "chance": 0.2,
      "meshLevel": 1
    },
    {
      "drop": "minecraft:sapling:2",
      "chance": 0.4,
      "meshLevel": 2
    },
    {
      "drop": "minecraft:sapling:2",
      "chance": 0.6,
      "meshLevel": 3
    },
    {
      "drop": "minecraft:sapling:2",
      "chance": 0.8,
      "meshLevel": 4
    },
    {
      "drop": "minecraft:apple:-1",
      "chance": 0.05,
      "meshLevel": 1
    },
    {
      "drop": "minecraft:apple:-1",
      "chance": 0.1,
      "meshLevel": 2
    },
    {
      "drop": "minecraft:apple:-1",
      "chance": 0.15,
      "meshLevel": 3
    },
    {
      "drop": "minecraft:apple:-1",
      "chance": 0.2,
      "meshLevel": 4
    },
    {
      "drop": "minecraft:golden_apple:0",
      "chance": 0.001,
      "meshLevel": 1
    },
    {
      "drop": "minecraft:golden_apple:0",
      "chance": 0.003,
      "meshLevel": 2
    },
    {
      "drop": "minecraft:golden_apple:0",
      "chance": 0.005,
      "meshLevel": 3
    },
    {
      "drop": "minecraft:golden_apple:0",
      "chance": 0.01,
      "meshLevel": 4
    },
    {
      "drop": "exnihilocreatio:item_material:2",
      "chance": 0.025,
      "meshLevel": 1
    },
    {
      "drop": "exnihilocreatio:item_material:2",
      "chance": 0.05,
      "meshLevel": 2
    },
    {
      "drop": "exnihilocreatio:item_material:2",
      "chance": 0.1,
      "meshLevel": 3
    },
    {
      "drop": "exnihilocreatio:item_material:2",
      "chance": 0.2,
      "meshLevel": 4
    }
  ],
  "exnihilocreatio:block_endstone_crushed:0": [
    {
      "drop": "draconicevolution:draconium_dust:-1",
      "chance": 0.04,
      "meshLevel": 3
    },
    {
      "drop": "draconicevolution:draconium_dust:-1",
      "chance": 0.08,
      "meshLevel": 4
    },
    {
      "drop": "silentgems:gemshard:32",
      "chance": 0.01,
      "meshLevel": 4
    },
    {
      "drop": "silentgems:gemshard:33",
      "chance": 0.01,
      "meshLevel": 4
    },
    {
      "drop": "silentgems:gemshard:34",
      "chance": 0.01,
      "meshLevel": 4
    },
    {
      "drop": "silentgems:gemshard:35",
      "chance": 0.01,
      "meshLevel": 4
    },
    {
      "drop": "silentgems:gemshard:36",
      "chance": 0.01,
      "meshLevel": 4
    },
    {
      "drop": "silentgems:gemshard:37",
      "chance": 0.01,
      "meshLevel": 4
    },
    {
      "drop": "silentgems:gemshard:38",
      "chance": 0.01,
      "meshLevel": 4
    },
    {
      "drop": "silentgems:gemshard:39",
      "chance": 0.01,
      "meshLevel": 4
    },
    {
      "drop": "silentgems:gemshard:40",
      "chance": 0.01,
      "meshLevel": 4
    },
    {
      "drop": "silentgems:gemshard:41",
      "chance": 0.01,
      "meshLevel": 4
    },
    {
      "drop": "silentgems:gemshard:42",
      "chance": 0.01,
      "meshLevel": 4
    },
    {
      "drop": "silentgems:gemshard:43",
      "chance": 0.01,
      "meshLevel": 4
    },
    {
      "drop": "silentgems:gemshard:44",
      "chance": 0.01,
      "meshLevel": 4
    },
    {
      "drop": "silentgems:gemshard:45",
      "chance": 0.01,
      "meshLevel": 4
    },
    {
      "drop": "silentgems:gemshard:46",
      "chance": 0.01,
      "meshLevel": 4
    },
    {
      "drop": "silentgems:gemshard:47",
      "chance": 0.01,
      "meshLevel": 4
    },
    {
      "drop": {
        "name": "forestry:bee_drone_ge",
        "meta": 0,
        "nbt": "{MaxH:60,Health:60,IsAnalyzed:0b,Genome:{Chromosomes:[{UID1:\"forestry.speciesEnded\",UID0:\"forestry.speciesEnded\",Slot:0b},{UID1:\"forestry.speedSlower\",UID0:\"forestry.speedSlower\",Slot:1b},{UID1:\"forestry.lifespanLonger\",UID0:\"forestry.lifespanLonger\",Slot:2b},{UID1:\"forestry.fertilityLow\",UID0:\"forestry.fertilityLow\",Slot:3b},{UID1:\"forestry.toleranceUp1\",UID0:\"forestry.toleranceUp1\",Slot:4b},{UID1:\"forestry.boolTrue\",UID0:\"forestry.boolTrue\",Slot:5b},{UID1:\"forestry.toleranceNone\",UID0:\"forestry.toleranceNone\",Slot:6b},{UID1:\"forestry.boolFalse\",UID0:\"forestry.boolFalse\",Slot:7b},{UID1:\"forestry.boolFalse\",UID0:\"forestry.boolFalse\",Slot:8b},{UID1:\"forestry.flowersEnd\",UID0:\"forestry.flowersEnd\",Slot:9b},{UID1:\"forestry.floweringSlowest\",UID0:\"forestry.floweringSlowest\",Slot:10b},{UID1:\"forestry.territoryLarge\",UID0:\"forestry.territoryLarge\",Slot:11b},{UID1:\"forestry.effectMisanthrope\",UID0:\"forestry.effectMisanthrope\",Slot:12b}]}}"
      },
      "chance": 0.05,
      "meshLevel": 2
    },
    {
      "drop": {
        "name": "forestry:bee_princess_ge",
        "meta": 0,
        "nbt": "{MaxH:60,NA:0b,Health:60,IsAnalyzed:0b,Genome:{Chromosomes:[{UID1:\"forestry.speciesEnded\",UID0:\"forestry.speciesEnded\",Slot:0b},{UID1:\"forestry.speedSlower\",UID0:\"forestry.speedSlower\",Slot:1b},{UID1:\"forestry.lifespanLonger\",UID0:\"forestry.lifespanLonger\",Slot:2b},{UID1:\"forestry.fertilityLow\",UID0:\"forestry.fertilityLow\",Slot:3b},{UID1:\"forestry.toleranceUp1\",UID0:\"forestry.toleranceUp1\",Slot:4b},{UID1:\"forestry.boolTrue\",UID0:\"forestry.boolTrue\",Slot:5b},{UID1:\"forestry.toleranceNone\",UID0:\"forestry.toleranceNone\",Slot:6b},{UID1:\"forestry.boolFalse\",UID0:\"forestry.boolFalse\",Slot:7b},{UID1:\"forestry.boolFalse\",UID0:\"forestry.boolFalse\",Slot:8b},{UID1:\"forestry.flowersEnd\",UID0:\"forestry.flowersEnd\",Slot:9b},{UID1:\"forestry.floweringSlowest\",UID0:\"forestry.floweringSlowest\",Slot:10b},{UID1:\"forestry.territoryLarge\",UID0:\"forestry.territoryLarge\",Slot:11b},{UID1:\"forestry.effectMisanthrope\",UID0:\"forestry.effectMisanthrope\",Slot:12b}]}}"
      },
      "chance": 0.05,
      "meshLevel": 3
    },
    {
      "drop": {
        "name": "forestry:bee_princess_ge",
        "meta": 0,
        "nbt": "{MaxH:60,Health:60,IsAnalyzed:0b,Genome:{Chromosomes:[{UID1:\"forestry.speciesEnded\",UID0:\"forestry.speciesEnded\",Slot:0b},{UID1:\"forestry.speedSlower\",UID0:\"forestry.speedSlower\",Slot:1b},{UID1:\"forestry.lifespanLonger\",UID0:\"forestry.lifespanLonger\",Slot:2b},{UID1:\"forestry.fertilityLow\",UID0:\"forestry.fertilityLow\",Slot:3b},{UID1:\"forestry.toleranceUp1\",UID0:\"forestry.toleranceUp1\",Slot:4b},{UID1:\"forestry.boolTrue\",UID0:\"forestry.boolTrue\",Slot:5b},{UID1:\"forestry.toleranceNone\",UID0:\"forestry.toleranceNone\",Slot:6b},{UID1:\"forestry.boolFalse\",UID0:\"forestry.boolFalse\",Slot:7b},{UID1:\"forestry.boolFalse\",UID0:\"forestry.boolFalse\",Slot:8b},{UID1:\"forestry.flowersEnd\",UID0:\"forestry.flowersEnd\",Slot:9b},{UID1:\"forestry.floweringSlowest\",UID0:\"forestry.floweringSlowest\",Slot:10b},{UID1:\"forestry.territoryLarge\",UID0:\"forestry.territoryLarge\",Slot:11b},{UID1:\"forestry.effectMisanthrope\",UID0:\"forestry.effectMisanthrope\",Slot:12b}]}}"
      },
      "chance": 0.01,
      "meshLevel": 4
    }
  ],
  "ore:sand": [
    {
      "drop": "minecraft:dye:3",
      "chance": 0.03,
      "meshLevel": 1
    },
    {
      "drop": "minecraft:prismarine_shard:-1",
      "chance": 0.02,
      "meshLevel": 4
    },
    {
      "drop": "actuallyadditions:item_misc:5",
      "chance": 0.02,
      "meshLevel": 3
    },
    {
      "drop": "actuallyadditions:item_misc:5",
      "chance": 0.05,
      "meshLevel": 4
    },
    {
      "drop": "forestry:apatite:-1",
      "chance": 0.01,
      "meshLevel": 1
    },
    {
      "drop": "forestry:apatite:-1",
      "chance": 0.02,
      "meshLevel": 2
    },
    {
      "drop": "forestry:apatite:-1",
      "chance": 0.03,
      "meshLevel": 3
    },
    {
      "drop": "forestry:apatite:-1",
      "chance": 0.05,
      "meshLevel": 4
    },
    {
      "drop": {
        "name": "forestry:bee_drone_ge",
        "meta": 0,
        "nbt": "{MaxH:30,Health:30,IsAnalyzed:0b,Genome:{Chromosomes:[{UID1:\"forestry.speciesModest\",UID0:\"forestry.speciesModest\",Slot:0b},{UID1:\"forestry.speedSlower\",UID0:\"forestry.speedSlower\",Slot:1b},{UID1:\"forestry.lifespanShort\",UID0:\"forestry.lifespanShort\",Slot:2b},{UID1:\"forestry.fertilityNormal\",UID0:\"forestry.fertilityNormal\",Slot:3b},{UID1:\"forestry.toleranceBoth1\",UID0:\"forestry.toleranceBoth1\",Slot:4b},{UID1:\"forestry.boolTrue\",UID0:\"forestry.boolTrue\",Slot:5b},{UID1:\"forestry.toleranceDown1\",UID0:\"forestry.toleranceDown1\",Slot:6b},{UID1:\"forestry.boolFalse\",UID0:\"forestry.boolFalse\",Slot:7b},{UID1:\"forestry.boolFalse\",UID0:\"forestry.boolFalse\",Slot:8b},{UID1:\"forestry.flowersCacti\",UID0:\"forestry.flowersCacti\",Slot:9b},{UID1:\"forestry.floweringSlowest\",UID0:\"forestry.floweringSlowest\",Slot:10b},{UID1:\"forestry.territoryAverage\",UID0:\"forestry.territoryAverage\",Slot:11b},{UID1:\"forestry.effectNone\",UID0:\"forestry.effectNone\",Slot:12b}]}}"
      },
      "chance": 0.05,
      "meshLevel": 2
    },
    {
      "drop": {
        "name": "forestry:bee_princess_ge",
        "meta": 0,
        "nbt": "{MaxH:30,NA:0b,Health:30,IsAnalyzed:0b,Genome:{Chromosomes:[{UID1:\"forestry.speciesModest\",UID0:\"forestry.speciesModest\",Slot:0b},{UID1:\"forestry.speedSlower\",UID0:\"forestry.speedSlower\",Slot:1b},{UID1:\"forestry.lifespanShort\",UID0:\"forestry.lifespanShort\",Slot:2b},{UID1:\"forestry.fertilityNormal\",UID0:\"forestry.fertilityNormal\",Slot:3b},{UID1:\"forestry.toleranceBoth1\",UID0:\"forestry.toleranceBoth1\",Slot:4b},{UID1:\"forestry.boolTrue\",UID0:\"forestry.boolTrue\",Slot:5b},{UID1:\"forestry.toleranceDown1\",UID0:\"forestry.toleranceDown1\",Slot:6b},{UID1:\"forestry.boolFalse\",UID0:\"forestry.boolFalse\",Slot:7b},{UID1:\"forestry.boolFalse\",UID0:\"forestry.boolFalse\",Slot:8b},{UID1:\"forestry.flowersCacti\",UID0:\"forestry.flowersCacti\",Slot:9b},{UID1:\"forestry.floweringSlowest\",UID0:\"forestry.floweringSlowest\",Slot:10b},{UID1:\"forestry.territoryAverage\",UID0:\"forestry.territoryAverage\",Slot:11b},{UID1:\"forestry.effectNone\",UID0:\"forestry.effectNone\",Slot:12b}]}}"
      },
      "chance": 0.05,
      "meshLevel": 3
    },
    {
      "drop": {
        "name": "forestry:bee_princess_ge",
        "meta": 0,
        "nbt": "{MaxH:30,Health:30,IsAnalyzed:0b,Genome:{Chromosomes:[{UID1:\"forestry.speciesModest\",UID0:\"forestry.speciesModest\",Slot:0b},{UID1:\"forestry.speedSlower\",UID0:\"forestry.speedSlower\",Slot:1b},{UID1:\"forestry.lifespanShort\",UID0:\"forestry.lifespanShort\",Slot:2b},{UID1:\"forestry.fertilityNormal\",UID0:\"forestry.fertilityNormal\",Slot:3b},{UID1:\"forestry.toleranceBoth1\",UID0:\"forestry.toleranceBoth1\",Slot:4b},{UID1:\"forestry.boolTrue\",UID0:\"forestry.boolTrue\",Slot:5b},{UID1:\"forestry.toleranceDown1\",UID0:\"forestry.toleranceDown1\",Slot:6b},{UID1:\"forestry.boolFalse\",UID0:\"forestry.boolFalse\",Slot:7b},{UID1:\"forestry.boolFalse\",UID0:\"forestry.boolFalse\",Slot:8b},{UID1:\"forestry.flowersCacti\",UID0:\"forestry.flowersCacti\",Slot:9b},{UID1:\"forestry.floweringSlowest\",UID0:\"forestry.floweringSlowest\",Slot:10b},{UID1:\"forestry.territoryAverage\",UID0:\"forestry.territoryAverage\",Slot:11b},{UID1:\"forestry.effectNone\",UID0:\"forestry.effectNone\",Slot:12b}]}}"
      },
      "chance": 0.01,
      "meshLevel": 4
    }
  ],

  "ore:dirt": [
    {
      "drop": "exnihilocreatio:item_pebble:0",
      "chance": 1.0,
      "meshLevel": 1
    },
    {
      "drop": "exnihilocreatio:item_pebble:0",
      "chance": 1.0,
      "meshLevel": 1
    },
    {
      "drop": "exnihilocreatio:item_pebble:0",
      "chance": 0.5,
      "meshLevel": 1
    },
    {
      "drop": "exnihilocreatio:item_pebble:0",
      "chance": 0.5,
      "meshLevel": 1
    },
    {
      "drop": "exnihilocreatio:item_pebble:0",
      "chance": 0.1,
      "meshLevel": 1
    },
    {
      "drop": "exnihilocreatio:item_pebble:0",
      "chance": 0.1,
      "meshLevel": 1
    },
    {
      "drop": "exnihilocreatio:item_pebble:1",
      "chance": 0.5,
      "meshLevel": 1
    },
    {
      "drop": "exnihilocreatio:item_pebble:1",
      "chance": 0.1,
      "meshLevel": 1
    },
    {
      "drop": "exnihilocreatio:item_pebble:2",
      "chance": 0.5,
      "meshLevel": 1
    },
    {
      "drop": "exnihilocreatio:item_pebble:2",
      "chance": 0.1,
      "meshLevel": 1
    },
    {
      "drop": "exnihilocreatio:item_pebble:3",
      "chance": 0.5,
      "meshLevel": 1
    },
    {
      "drop": "exnihilocreatio:item_pebble:3",
      "chance": 0.1,
      "meshLevel": 1
    },
    {
      "drop": "minecraft:wheat_seeds:-1",
      "chance": 0.7,
      "meshLevel": 1
    },
    {
      "drop": "minecraft:melon_seeds:-1",
      "chance": 0.35,
      "meshLevel": 1
    },
    {
      "drop": "minecraft:pumpkin_seeds:-1",
      "chance": 0.35,
      "meshLevel": 1
    },
    {
      "drop": "exnihilocreatio:item_material:3",
      "chance": 0.05,
      "meshLevel": 1
    },
    {
      "drop": "exnihilocreatio:item_material:4",
      "chance": 0.05,
      "meshLevel": 1
    },
    {
      "drop": "exnihilocreatio:item_seed_oak:-1",
      "chance": 0.05,
      "meshLevel": 1
    },
    {
      "drop": "exnihilocreatio:item_seed_spruce:-1",
      "chance": 0.05,
      "meshLevel": 1
    },
    {
      "drop": "exnihilocreatio:item_seed_birch:-1",
      "chance": 0.05,
      "meshLevel": 1
    },
    {
      "drop": "exnihilocreatio:item_seed_jungle:-1",
      "chance": 0.05,
      "meshLevel": 1
    },
    {
      "drop": "exnihilocreatio:item_seed_acacia:-1",
      "chance": 0.05,
      "meshLevel": 1
    },
    {
      "drop": "exnihilocreatio:item_seed_darkoak:-1",
      "chance": 0.05,
      "meshLevel": 1
    },
    {
      "drop": "exnihilocreatio:item_seed_cactus:-1",
      "chance": 0.05,
      "meshLevel": 1
    },
    {
      "drop": "exnihilocreatio:item_seed_sugarcane:-1",
      "chance": 0.05,
      "meshLevel": 1
    },
    {
      "drop": "exnihilocreatio:item_seed_carrot:-1",
      "chance": 0.05,
      "meshLevel": 1
    },
    {
      "drop": "exnihilocreatio:item_seed_potato:-1",
      "chance": 0.05,
      "meshLevel": 1
    },
    {
      "drop": "integrateddynamics:menril_sapling:-1",
      "chance": 0.02,
      "meshLevel": 4
    },
    {
      "drop": {
        "name": "forestry:bee_drone_ge",
        "meta": 0,
        "nbt": "{MaxH:20,Health:20,IsAnalyzed:0b,Genome:{Chromosomes:[{UID1:\"forestry.speciesMeadows\",UID0:\"forestry.speciesMeadows\",Slot:0b},{UID1:\"forestry.speedSlowest\",UID0:\"forestry.speedSlowest\",Slot:1b},{UID1:\"forestry.lifespanShorter\",UID0:\"forestry.lifespanShorter\",Slot:2b},{UID1:\"forestry.fertilityNormal\",UID0:\"forestry.fertilityNormal\",Slot:3b},{UID1:\"forestry.toleranceNone\",UID0:\"forestry.toleranceNone\",Slot:4b},{UID1:\"forestry.boolFalse\",UID0:\"forestry.boolFalse\",Slot:5b},{UID1:\"forestry.toleranceNone\",UID0:\"forestry.toleranceNone\",Slot:6b},{UID1:\"forestry.boolFalse\",UID0:\"forestry.boolFalse\",Slot:7b},{UID1:\"forestry.boolFalse\",UID0:\"forestry.boolFalse\",Slot:8b},{UID1:\"forestry.flowersVanilla\",UID0:\"forestry.flowersVanilla\",Slot:9b},{UID1:\"forestry.floweringSlower\",UID0:\"forestry.floweringSlower\",Slot:10b},{UID1:\"forestry.territoryAverage\",UID0:\"forestry.territoryAverage\",Slot:11b},{UID1:\"forestry.effectNone\",UID0:\"forestry.effectNone\",Slot:12b}]}}"
      },
      "chance": 0.05,
      "meshLevel": 2
    },
    {
      "drop": {
        "name": "forestry:bee_princess_ge",
        "meta": 0,
        "nbt": "{MaxH:20,NA:0b,Health:20,IsAnalyzed:0b,Genome:{Chromosomes:[{UID1:\"forestry.speciesMeadows\",UID0:\"forestry.speciesMeadows\",Slot:0b},{UID1:\"forestry.speedSlowest\",UID0:\"forestry.speedSlowest\",Slot:1b},{UID1:\"forestry.lifespanShorter\",UID0:\"forestry.lifespanShorter\",Slot:2b},{UID1:\"forestry.fertilityNormal\",UID0:\"forestry.fertilityNormal\",Slot:3b},{UID1:\"forestry.toleranceNone\",UID0:\"forestry.toleranceNone\",Slot:4b},{UID1:\"forestry.boolFalse\",UID0:\"forestry.boolFalse\",Slot:5b},{UID1:\"forestry.toleranceNone\",UID0:\"forestry.toleranceNone\",Slot:6b},{UID1:\"forestry.boolFalse\",UID0:\"forestry.boolFalse\",Slot:7b},{UID1:\"forestry.boolFalse\",UID0:\"forestry.boolFalse\",Slot:8b},{UID1:\"forestry.flowersVanilla\",UID0:\"forestry.flowersVanilla\",Slot:9b},{UID1:\"forestry.floweringSlower\",UID0:\"forestry.floweringSlower\",Slot:10b},{UID1:\"forestry.territoryAverage\",UID0:\"forestry.territoryAverage\",Slot:11b},{UID1:\"forestry.effectNone\",UID0:\"forestry.effectNone\",Slot:12b}]}}"
      },
      "chance": 0.05,
      "meshLevel": 3
    },
    {
      "drop": {
        "name": "forestry:bee_princess_ge",
        "meta": 0,
        "nbt": "{MaxH:20,Health:20,IsAnalyzed:0b,Genome:{Chromosomes:[{UID1:\"forestry.speciesMeadows\",UID0:\"forestry.speciesMeadows\",Slot:0b},{UID1:\"forestry.speedSlowest\",UID0:\"forestry.speedSlowest\",Slot:1b},{UID1:\"forestry.lifespanShorter\",UID0:\"forestry.lifespanShorter\",Slot:2b},{UID1:\"forestry.fertilityNormal\",UID0:\"forestry.fertilityNormal\",Slot:3b},{UID1:\"forestry.toleranceNone\",UID0:\"forestry.toleranceNone\",Slot:4b},{UID1:\"forestry.boolFalse\",UID0:\"forestry.boolFalse\",Slot:5b},{UID1:\"forestry.toleranceNone\",UID0:\"forestry.toleranceNone\",Slot:6b},{UID1:\"forestry.boolFalse\",UID0:\"forestry.boolFalse\",Slot:7b},{UID1:\"forestry.boolFalse\",UID0:\"forestry.boolFalse\",Slot:8b},{UID1:\"forestry.flowersVanilla\",UID0:\"forestry.flowersVanilla\",Slot:9b},{UID1:\"forestry.floweringSlower\",UID0:\"forestry.floweringSlower\",Slot:10b},{UID1:\"forestry.territoryAverage\",UID0:\"forestry.territoryAverage\",Slot:11b},{UID1:\"forestry.effectNone\",UID0:\"forestry.effectNone\",Slot:12b}]}}"
      },
      "chance": 0.01,
      "meshLevel": 4
    }
  ],
  "forestry:humus:0": [
    {
      "drop": {
        "name": "forestry:bee_drone_ge",
        "meta": 0,
        "nbt": "{MaxH:20,Health:20,IsAnalyzed:0b,Genome:{Chromosomes:[{UID1:\"forestry.speciesMarshy\",UID0:\"forestry.speciesMarshy\",Slot:0b},{UID1:\"forestry.speedSlowest\",UID0:\"forestry.speedSlowest\",Slot:1b},{UID1:\"forestry.lifespanShorter\",UID0:\"forestry.lifespanShorter\",Slot:2b},{UID1:\"forestry.fertilityNormal\",UID0:\"forestry.fertilityNormal\",Slot:3b},{UID1:\"forestry.toleranceBoth1\",UID0:\"forestry.toleranceBoth1\",Slot:4b},{UID1:\"forestry.boolFalse\",UID0:\"forestry.boolFalse\",Slot:5b},{UID1:\"forestry.toleranceNone\",UID0:\"forestry.toleranceNone\",Slot:6b},{UID1:\"forestry.boolFalse\",UID0:\"forestry.boolFalse\",Slot:7b},{UID1:\"forestry.boolFalse\",UID0:\"forestry.boolFalse\",Slot:8b},{UID1:\"forestry.flowersMushrooms\",UID0:\"forestry.flowersMushrooms\",Slot:9b},{UID1:\"forestry.floweringSlower\",UID0:\"forestry.floweringSlower\",Slot:10b},{UID1:\"forestry.territoryAverage\",UID0:\"forestry.territoryAverage\",Slot:11b},{UID1:\"forestry.effectNone\",UID0:\"forestry.effectNone\",Slot:12b}]}}"
      },
      "chance": 0.05,
      "meshLevel": 2
    },
    {
      "drop": {
        "name": "forestry:bee_princess_ge",
        "meta": 0,
        "nbt": "{MaxH:20,NA:0b,Health:20,IsAnalyzed:0b,Genome:{Chromosomes:[{UID1:\"forestry.speciesMarshy\",UID0:\"forestry.speciesMarshy\",Slot:0b},{UID1:\"forestry.speedSlowest\",UID0:\"forestry.speedSlowest\",Slot:1b},{UID1:\"forestry.lifespanShorter\",UID0:\"forestry.lifespanShorter\",Slot:2b},{UID1:\"forestry.fertilityNormal\",UID0:\"forestry.fertilityNormal\",Slot:3b},{UID1:\"forestry.toleranceBoth1\",UID0:\"forestry.toleranceBoth1\",Slot:4b},{UID1:\"forestry.boolFalse\",UID0:\"forestry.boolFalse\",Slot:5b},{UID1:\"forestry.toleranceNone\",UID0:\"forestry.toleranceNone\",Slot:6b},{UID1:\"forestry.boolFalse\",UID0:\"forestry.boolFalse\",Slot:7b},{UID1:\"forestry.boolFalse\",UID0:\"forestry.boolFalse\",Slot:8b},{UID1:\"forestry.flowersMushrooms\",UID0:\"forestry.flowersMushrooms\",Slot:9b},{UID1:\"forestry.floweringSlower\",UID0:\"forestry.floweringSlower\",Slot:10b},{UID1:\"forestry.territoryAverage\",UID0:\"forestry.territoryAverage\",Slot:11b},{UID1:\"forestry.effectNone\",UID0:\"forestry.effectNone\",Slot:12b}]}}"
      },
      "chance": 0.05,
      "meshLevel": 3
    },
    {
      "drop": {
        "name": "forestry:bee_princess_ge",
        "meta": 0,
        "nbt": "{MaxH:20,Health:20,IsAnalyzed:0b,Genome:{Chromosomes:[{UID1:\"forestry.speciesMarshy\",UID0:\"forestry.speciesMarshy\",Slot:0b},{UID1:\"forestry.speedSlowest\",UID0:\"forestry.speedSlowest\",Slot:1b},{UID1:\"forestry.lifespanShorter\",UID0:\"forestry.lifespanShorter\",Slot:2b},{UID1:\"forestry.fertilityNormal\",UID0:\"forestry.fertilityNormal\",Slot:3b},{UID1:\"forestry.toleranceBoth1\",UID0:\"forestry.toleranceBoth1\",Slot:4b},{UID1:\"forestry.boolFalse\",UID0:\"forestry.boolFalse\",Slot:5b},{UID1:\"forestry.toleranceNone\",UID0:\"forestry.toleranceNone\",Slot:6b},{UID1:\"forestry.boolFalse\",UID0:\"forestry.boolFalse\",Slot:7b},{UID1:\"forestry.boolFalse\",UID0:\"forestry.boolFalse\",Slot:8b},{UID1:\"forestry.flowersMushrooms\",UID0:\"forestry.flowersMushrooms\",Slot:9b},{UID1:\"forestry.floweringSlower\",UID0:\"forestry.floweringSlower\",Slot:10b},{UID1:\"forestry.territoryAverage\",UID0:\"forestry.territoryAverage\",Slot:11b},{UID1:\"forestry.effectNone\",UID0:\"forestry.effectNone\",Slot:12b}]}}"
      },
      "chance": 0.01,
      "meshLevel": 4
    }
  ],
  "ore:dust": [
    {
      "drop": "minecraft:dye:15",
      "chance": 0.2,
      "meshLevel": 1
    },
    {
      "drop": "minecraft:gunpowder:-1",
      "chance": 0.07,
      "meshLevel": 1
    },
    {
      "drop": "minecraft:redstone:-1",
      "chance": 0.125,
      "meshLevel": 3
    },
    {
      "drop": "minecraft:redstone:-1",
      "chance": 0.25,
      "meshLevel": 4
    },
    {
      "drop": "minecraft:glowstone_dust:-1",
      "chance": 0.0625,
      "meshLevel": 3
    },
    {
      "drop": "minecraft:blaze_powder:-1",
      "chance": 0.05,
      "meshLevel": 3
    },
    {
      "drop": "appliedenergistics2:material:45",
      "chance": 0.1,
      "meshLevel": 2
    },
    {
      "drop": "appliedenergistics2:material:45",
      "chance": 0.2,
      "meshLevel": 3
    },
    {
      "drop": "appliedenergistics2:material:45",
      "chance": 0.3,
      "meshLevel": 4
    },
    {
      "drop": "exnihilocreatio:item_ore_yellorium:0",
      "chance": 0.01,
      "meshLevel": 4
    },
    {
      "drop": "enderio:item_material:20",
      "chance": 0.01,
      "meshLevel": 4
    }
  ],
  "minecraft:sand:1": [
    {
      "drop": "exnihilocreatio:item_ore_iron:0",
      "chance": 0.4,
      "meshLevel": 4
    }
  ]
}
